,CIK,Company_Name,Filing,Date,Hedge_FalsePositive
0,319120,ACKERLEY GROUP INC (CIK 0000319120),10-Q,2000-08-14,1
1,319120,ACKERLEY GROUP INC (CIK 0000319120),10-Q,2000-11-14,1
2,319120,ACKERLEY GROUP INC (CIK 0000319120),10-K,2001-04-02,1
3,319120,ACKERLEY GROUP INC (CIK 0000319120),10-K,2001-04-02,1
4,319120,ACKERLEY GROUP INC (CIK 0000319120),10-Q,2001-05-15,1
5,319120,ACKERLEY GROUP INC (CIK 0000319120),10-Q,2001-08-14,1
6,319120,ACKERLEY GROUP INC (CIK 0000319120),10-Q,2001-11-14,1
7,319120,ACKERLEY GROUP INC (CIK 0000319120),10-K,2002-04-01,1
8,319120,ACKERLEY GROUP INC (CIK 0000319120),10-Q,2002-05-14,1
9,313798,ADAC LABORATORIES (CIK 0000313798),10-Q,2000-08-14,1
10,16918,"CONSTELLATION BRANDS INC (STZ, STZB) (CIK 0000016918)",10-K,2001-05-29,1
11,34616,FARMLAND INDUSTRIES INC (CIK 0000034616),10-K,2000-11-22,1
12,36510,ALLFIRST FINANCIAL INC (CIK 0000036510),10-Q,2001-05-15,1
13,1019508,GOLDEN STATE BANCORP INC (CIK 0001019508),10-K,2001-03-26,1
14,52477,IBP INC (CIK 0000052477),10-K/A,2001-03-14,1
15,52477,IBP INC (CIK 0000052477),10-K,2001-03-30,1
16,52477,IBP INC (CIK 0000052477),10-Q,2001-05-15,1
17,52477,IBP INC (CIK 0000052477),10-Q,2001-08-14,1
18,311099,IRT PROPERTY CO (CIK 0000311099),10-K/A,2002-04-09,1
19,919465,BERRY PLASTICS HOLDING CORP (CIK 0000919465),10-K,2007-03-12,1
20,225569,AMRESCO INC (CIK 0000225569),10-K,2001-04-02,1
21,932130,NABISCO HOLDINGS CORP (CIK 0000932130),10-K/A,2000-10-03,1
22,88974,SENSORMATIC ELECTRONICS CORP (CIK 0000088974),10-K,2000-09-28,1
23,88974,SENSORMATIC ELECTRONICS CORP (CIK 0000088974),10-K,2001-09-28,1
24,919465,BERRY PLASTICS HOLDING CORP (CIK 0000919465),10-K,2007-03-12,1
25,720577,SUNRISE MEDICAL INC (CIK 0000720577),10-K,2000-09-28,1
26,720577,SUNRISE MEDICAL INC (CIK 0000720577),10-K,2000-09-28,1
27,1024124,THOUSAND TRAILS INC /DE/ (CIK 0001024124),10-Q,2003-02-12,1
28,1024124,THOUSAND TRAILS INC /DE/ (CIK 0001024124),10-Q,2003-05-15,1
29,108606,WRITER CORP (CIK 0000108606),10-Q,2000-08-11,1
30,785080,ARAHOVA COMMUNICATIONS INC (CIK 0000785080),10-Q,2000-08-14,1
31,785080,ARAHOVA COMMUNICATIONS INC (CIK 0000785080),10-Q,2000-08-14,1
32,785080,ARAHOVA COMMUNICATIONS INC (CIK 0000785080),10-Q,2000-11-14,1
33,785080,ARAHOVA COMMUNICATIONS INC (CIK 0000785080),10-Q,2000-11-14,1
34,785080,ARAHOVA COMMUNICATIONS INC (CIK 0000785080),10-K,2001-04-02,1
35,785080,ARAHOVA COMMUNICATIONS INC (CIK 0000785080),10-K,2001-04-02,1
36,46738,HELLER FINANCIAL INC (CIK 0000046738),10-K,2002-08-02,1
37,768170,PITNEY BOWES CREDIT CORP (CIK 0000768170),10-K,2001-03-30,1
38,768170,PITNEY BOWES CREDIT CORP (CIK 0000768170),10-K,2002-03-28,1
39,52741,IIC INDUSTRIES INC (CIK 0000052741),10-K,2001-04-17,1
40,1059969,BOSTON CELTICS LIMITED PARTNERSHIP /DE/ (CIK 0001059969),10-K,2002-09-27,1
41,1059969,BOSTON CELTICS LIMITED PARTNERSHIP /DE/ (CIK 0001059969),10-Q,2002-11-01,1
42,1059969,HENLEY LIMITED PARTNERSHIP (CIK 0001059969),10-Q,2003-02-14,1
43,805009,BOSTON CELTICS LIMITED PARTNERSHIP II /DE/ (CIK 0000805009),10-K,2002-09-27,1
44,805009,BOSTON CELTICS LIMITED PARTNERSHIP II /DE/ (CIK 0000805009),10-Q,2002-11-01,1
45,805009,HENLEY LIMITED PARTNERSHIP II (CIK 0000805009),10-Q,2003-02-14,1
46,1062982,708 GYM LLC (CIK 0001062982),10-K,2005-11-30,1
47,1062982,708 GYM LLC (CIK 0001062982),10-K,2006-06-27,1
48,1265266,"BTF/CFI, INC (CIK 0001265266)",10-K,2007-06-29,1
49,922224,"PPL Corp (PPL, PPX) (CIK 0000922224)",10-K,2017-02-17,1
50,922224,"PPL Corp (PPL, PPX) (CIK 0000922224)",10-Q,2017-11-01,1
51,899714,UNILAB CORP /DE/ (CIK 0000899714),10-K,2002-03-29,1
52,861461,RBC CENTURA BANKS INC (CIK 0000861461),10-Q,2003-08-14,1
53,1582966,"Cheniere Energy Partners LP Holdings, LLC (CIK 0001582966)",10-Q,2015-07-30,1
54,1582966,"Cheniere Energy Partners LP Holdings, LLC (CIK 0001582966)",10-Q,2015-10-30,1
55,1582966,"Cheniere Energy Partners LP Holdings, LLC (CIK 0001582966)",10-K,2016-02-19,1
56,1582966,"Cheniere Energy Partners LP Holdings, LLC (CIK 0001582966)",10-Q,2016-05-05,1
57,1582966,"Cheniere Energy Partners LP Holdings, LLC (CIK 0001582966)",10-Q,2016-08-09,1
58,1582966,"Cheniere Energy Partners LP Holdings, LLC (CIK 0001582966)",10-Q,2016-11-03,1
59,1582966,"Cheniere Energy Partners LP Holdings, LLC (CIK 0001582966)",10-K,2017-02-24,1
60,1582966,"Cheniere Energy Partners LP Holdings, LLC (CIK 0001582966)",10-Q,2017-05-04,1
61,1582966,"Cheniere Energy Partners LP Holdings, LLC (CIK 0001582966)",10-K,2018-02-21,1
62,1582966,"Cheniere Energy Partners LP Holdings, LLC (CIK 0001582966)",10-Q,2018-05-04,1
63,1582966,"Cheniere Energy Partners LP Holdings, LLC (CIK 0001582966)",10-Q,2018-08-09,1
64,357105,CENTURY SOUTH BANKS INC (CIK 0000357105),10-K,2001-04-02,1
65,842718,TREMONT CORPORATION (CIK 0000842718),10-K,2001-03-22,1
66,842718,TREMONT CORPORATION (CIK 0000842718),10-K/A,2001-04-03,1
67,842718,TREMONT CORPORATION (CIK 0000842718),10-Q,2001-05-14,1
68,842718,TREMONT CORPORATION (CIK 0000842718),10-Q,2001-08-10,1
69,842718,TREMONT CORPORATION (CIK 0000842718),10-Q,2001-11-13,1
70,842718,TREMONT CORPORATION (CIK 0000842718),10-K,2002-03-26,1
71,842718,TREMONT CORPORATION (CIK 0000842718),10-Q,2002-05-14,1
72,842718,TREMONT CORPORATION (CIK 0000842718),10-Q,2002-08-14,1
73,842718,TREMONT CORPORATION (CIK 0000842718),10-Q,2002-11-14,1
74,881889,ENHANCE FINANCIAL SERVICES GROUP INC (CIK 0000881889),10-K/A,2000-09-20,1
75,885067,INTERMEDIA COMMUNICATIONS INC (CIK 0000885067),10-Q,2000-08-14,1
76,885067,INTERMEDIA COMMUNICATIONS INC (CIK 0000885067),10-Q,2000-11-14,1
77,885067,INTERMEDIA COMMUNICATIONS INC (CIK 0000885067),10-K,2001-04-02,1
78,885067,INTERMEDIA COMMUNICATIONS INC (CIK 0000885067),10-Q,2001-05-15,1
79,885067,INTERMEDIA COMMUNICATIONS INC (CIK 0000885067),10-Q,2001-08-14,1
80,885067,INTERMEDIA COMMUNICATIONS INC (CIK 0000885067),10-Q,2001-11-14,1
81,885067,INTERMEDIA COMMUNICATIONS INC (CIK 0000885067),10-Q/A,2001-12-07,1
82,885067,INTERMEDIA COMMUNICATIONS INC (CIK 0000885067),10-Q/A,2001-12-07,1
83,885067,INTERMEDIA COMMUNICATIONS INC (CIK 0000885067),10-K/A,2001-12-07,1
84,885067,INTERMEDIA COMMUNICATIONS INC (CIK 0000885067),10-Q,2002-05-15,1
85,886142,SPACELABS MEDICAL INC (CIK 0000886142),10-Q,2001-11-13,1
86,919008,CONSOLTEX INC/ CA (CIK 0000919008),10-K,2001-04-16,1
87,919008,CONSOLTEX INC/ CA (CIK 0000919008),10-K,2001-04-16,1
88,897941,ST FRANCIS CAPITAL CORP (CIK 0000897941),10-K,2002-12-19,1
89,905035,REGAL CINEMAS INC (CIK 0000905035),10-Q,2000-11-13,1
90,905035,REGAL CINEMAS INC (CIK 0000905035),10-Q,2001-11-13,1
91,906609,MORGAN GROUP INC (CIK 0000906609),10-Q,2000-08-15,1
92,906609,MORGAN GROUP INC (CIK 0000906609),10-Q,2000-11-14,1
93,932140,E SPIRE COMMUNICATIONS INC (CIK 0000932140),10-Q,2000-08-14,1
94,932140,E SPIRE COMMUNICATIONS INC (CIK 0000932140),10-Q,2000-11-14,1
95,932140,E SPIRE COMMUNICATIONS INC (CIK 0000932140),10-Q,2001-08-16,1
96,932140,E SPIRE COMMUNICATIONS INC (CIK 0000932140),10-Q,2001-09-11,1
97,932140,E SPIRE COMMUNICATIONS INC (CIK 0000932140),10-Q,2001-11-15,1
98,913056,AXYS PHARMECUETICALS INC (CIK 0000913056),10-Q,2000-11-14,1
99,913056,AXYS PHARMACEUTICALS INC (CIK 0000913056),10-K,2001-03-30,1
100,913056,AXYS PHARMACEUTICALS INC (CIK 0000913056),10-Q,2001-05-14,1
101,913056,AXYS PHARMACEUTICALS INC (CIK 0000913056),10-Q,2001-08-14,1
102,913056,AXYS PHARMACEUTICALS INC (CIK 0000913056),10-Q,2001-11-14,1
103,913599,ENCAD INC (CIK 0000913599),10-Q,2000-08-14,1
104,913599,ENCAD INC (CIK 0000913599),10-Q,2000-11-14,1
105,912428,WESTERFED FINANCIAL CORP (CIK 0000912428),10-Q,2000-08-11,1
106,912116,STORAGE USA INC (CIK 0000912116),10-K,2001-03-23,1
107,912116,STORAGE USA INC (CIK 0000912116),10-K/A,2001-03-26,1
108,918642,TRIPLE S PLASTICS INC (CIK 0000918642),10-K,2001-05-30,1
109,1102056,C CUBE MICROSYSTEMS INC/DE (CIK 0001102056),10-Q,2000-11-14,1
110,1102056,C CUBE MICROSYSTEMS INC/DE (CIK 0001102056),10-Q,2001-05-15,1
111,932130,NABISCO HOLDINGS CORP (CIK 0000932130),10-K/A,2000-10-03,1
112,1721386,"Landsea Homes Corp (LFAC, LSEA, LFACU, LFACW, LSEAW) (CIK 0001721386)",10-K,2021-03-12,1
113,1721386,"Landsea Homes Corp (LSEA, LSEAW) (CIK 0001721386)",10-Q,2021-05-17,1
114,1721386,"Landsea Homes Corp (LSEA, LSEAW) (CIK 0001721386)",10-K/A,2021-07-06,1
115,1721386,"Landsea Homes Corp (LSEA, LSEAW) (CIK 0001721386)",10-K,2022-03-16,1
116,1825088,"Dream Finders Homes, Inc. (DFH) (CIK 0001825088)",10-K,2021-03-30,1
117,1831617,"Diversey Holdings, Ltd. (DSEY) (CIK 0001831617)",10-Q,2021-11-05,1
118,1831617,"Diversey Holdings, Ltd. (DSEY) (CIK 0001831617)",10-K,2022-03-11,1
119,1831617,"Diversey Holdings, Ltd. (DSEY) (CIK 0001831617)",10-Q,2022-05-10,1
120,1831617,"Diversey Holdings, Ltd. (DSEY) (CIK 0001831617)",10-Q,2022-08-04,1
121,1831617,"Diversey Holdings, Ltd. (DSEY) (CIK 0001831617)",10-Q,2022-11-03,1
122,1563568,"ADOMANI, INC. (ADOM) (CIK 0001563568)",10-Q,2018-08-09,1
123,1563568,"ADOMANI, INC. (ADOM) (CIK 0001563568)",10-Q,2018-10-24,1
124,1563568,"ADOMANI, INC. (ADOM) (CIK 0001563568)",10-Q,2019-05-03,1
125,1563568,"ADOMANI, INC. (ADOM) (CIK 0001563568)",10-Q,2019-07-29,1
126,1563568,"ADOMANI, INC. (ADOM) (CIK 0001563568)",10-Q,2019-10-25,1
127,1601830,"RECURSION PHARMACEUTICALS, INC. (RXRX) (CIK 0001601830)",10-Q,2021-11-10,1
128,1601830,"RECURSION PHARMACEUTICALS, INC. (RXRX) (CIK 0001601830)",10-K,2022-03-23,1
129,1601830,"RECURSION PHARMACEUTICALS, INC. (RXRX) (CIK 0001601830)",10-Q,2022-05-10,1
130,1601830,"RECURSION PHARMACEUTICALS, INC. (RXRX) (CIK 0001601830)",10-Q,2022-08-09,1
131,1349929,"CANCER GENETICS, INC (CGIX) (CIK 0001349929)",10-Q,2013-05-15,1
132,1349929,"CANCER GENETICS, INC (CGIX) (CIK 0001349929)",10-Q,2013-08-05,1
133,1349929,"CANCER GENETICS, INC (CGIX) (CIK 0001349929)",10-Q,2013-11-13,1
134,949956,VERITY INC \DE\ (CIK 0000949956),10-K,2003-08-07,1
135,949872,ELANTEC SEMICONDUCTOR INC (CIK 0000949872),10-Q,2000-08-14,1
136,949872,ELANTEC SEMICONDUCTOR INC (CIK 0000949872),10-K,2000-11-29,1
137,949872,ELANTEC SEMICONDUCTOR INC (CIK 0000949872),10-K/A,2000-12-08,1
138,949872,ELANTEC SEMICONDUCTOR INC (CIK 0000949872),10-Q,2001-02-14,1
139,949872,ELANTEC SEMICONDUCTOR INC (CIK 0000949872),10-Q,2001-05-16,1
140,949872,ELANTEC SEMICONDUCTOR INC (CIK 0000949872),10-Q,2001-08-15,1
141,949872,ELANTEC SEMICONDUCTOR INC (CIK 0000949872),10-K,2001-12-26,1
142,1003113,MOLECULAR DEVICES CORP (CIK 0001003113),10-Q,2003-05-15,1
143,1003113,MOLECULAR DEVICES CORP (CIK 0001003113),10-Q/A,2003-05-16,1
144,1003113,MOLECULAR DEVICES CORP (CIK 0001003113),10-Q,2003-08-13,1
145,1003113,MOLECULAR DEVICES CORP (CIK 0001003113),10-Q,2003-10-31,1
146,789092,INTERWEST HOME MEDICAL INC (CIK 0000789092),10-K,2000-12-27,1
147,911148,CADUS PHARMACEUTICAL CORP (KDUS) (CIK 0000911148),10-Q,2000-08-14,1
148,911148,CADUS PHARMACEUTICAL CORP (KDUS) (CIK 0000911148),10-Q,2000-11-14,1
149,911148,CADUS PHARMACEUTICAL CORP (KDUS) (CIK 0000911148),10-K,2001-03-30,1
150,911148,CADUS PHARMACEUTICAL CORP (KDUS) (CIK 0000911148),10-Q,2001-05-14,1
151,911148,CADUS PHARMACEUTICAL CORP (KDUS) (CIK 0000911148),10-Q,2001-08-10,1
152,911148,CADUS PHARMACEUTICAL CORP (KDUS) (CIK 0000911148),10-Q,2001-11-09,1
153,911148,CADUS PHARMACEUTICAL CORP (KDUS) (CIK 0000911148),10-K,2002-03-29,1
154,911148,CADUS PHARMACEUTICAL CORP (KDUS) (CIK 0000911148),10-Q,2002-05-14,1
155,911148,CADUS PHARMACEUTICAL CORP (KDUS) (CIK 0000911148),10-Q,2002-08-14,1
156,911148,CADUS PHARMACEUTICAL CORP (KDUS) (CIK 0000911148),10-Q,2002-11-14,1
157,911148,CADUS PHARMACEUTICAL CORP (KDUS) (CIK 0000911148),10-K,2003-03-31,1
158,911148,CADUS PHARMACEUTICAL CORP (KDUS) (CIK 0000911148),10-Q,2003-05-15,1
159,911148,CADUS CORP (KDUS) (CIK 0000911148),10-Q,2003-08-14,1
160,911148,CADUS CORP (KDUS) (CIK 0000911148),10-Q,2003-11-14,1
161,911148,CADUS CORP (KDUS) (CIK 0000911148),10-K,2004-03-30,1
162,911148,CADUS CORP (KDUS) (CIK 0000911148),10-Q,2004-05-17,1
163,911148,CADUS CORP (KDUS) (CIK 0000911148),10-Q,2004-08-16,1
164,911148,CADUS CORP (KDUS) (CIK 0000911148),10-Q,2004-11-10,1
165,911148,CADUS CORP (KDUS) (CIK 0000911148),10-K,2005-03-31,1
166,911148,CADUS CORP (KDUS) (CIK 0000911148),10-Q,2005-05-16,1
167,911148,CADUS CORP (KDUS) (CIK 0000911148),10-Q,2005-08-11,1
168,911148,CADUS CORP (KDUS) (CIK 0000911148),10-Q,2005-11-04,1
169,911148,CADUS CORP (KDUS) (CIK 0000911148),10-K,2006-03-31,1
170,911148,CADUS CORP (KDUS) (CIK 0000911148),10-Q,2006-05-15,1
171,911148,CADUS CORP (KDUS) (CIK 0000911148),10-Q,2006-08-14,1
172,911148,CADUS CORP (KDUS) (CIK 0000911148),10-Q,2006-11-14,1
173,911148,CADUS CORP (KDUS) (CIK 0000911148),10-K,2007-03-30,1
174,911148,CADUS CORP (KDUS) (CIK 0000911148),10-Q,2007-05-11,1
175,911148,CADUS CORP (KDUS) (CIK 0000911148),10-Q,2007-08-10,1
176,911148,CADUS CORP (KDUS) (CIK 0000911148),10-Q,2007-11-13,1
177,911148,CADUS CORP (KDUS) (CIK 0000911148),10-K,2008-03-31,1
178,911148,CADUS CORP (KDUS) (CIK 0000911148),10-Q,2008-05-15,1
179,911148,CADUS CORP (KDUS) (CIK 0000911148),10-Q,2008-08-14,1
180,911148,CADUS CORP (KDUS) (CIK 0000911148),10-Q,2008-11-14,1
181,911148,CADUS CORP (KDUS) (CIK 0000911148),10-K,2009-03-31,1
182,911148,CADUS CORP (KDUS) (CIK 0000911148),10-Q,2009-05-15,1
183,911148,CADUS CORP (KDUS) (CIK 0000911148),10-Q,2009-08-13,1
184,911148,CADUS CORP (KDUS) (CIK 0000911148),10-Q,2009-11-16,1
185,911148,CADUS CORP (KDUS) (CIK 0000911148),10-K,2010-03-30,1
186,911148,CADUS CORP (KDUS) (CIK 0000911148),10-Q,2010-05-17,1
187,911148,CADUS CORP (KDUS) (CIK 0000911148),10-Q,2010-08-12,1
188,911148,CADUS CORP (KDUS) (CIK 0000911148),10-Q,2010-11-15,1
189,911148,CADUS CORP (KDUS) (CIK 0000911148),10-K,2011-03-30,1
190,911148,CADUS CORP (KDUS) (CIK 0000911148),10-Q,2011-05-16,1
191,911148,CADUS CORP (KDUS) (CIK 0000911148),10-Q,2011-08-15,1
192,911148,CADUS CORP (KDUS) (CIK 0000911148),10-Q,2011-11-14,1
193,911148,CADUS CORP (KDUS) (CIK 0000911148),10-K,2012-03-30,1
194,911148,CADUS CORP (KDUS) (CIK 0000911148),10-Q,2012-05-15,1
195,911148,CADUS CORP (KDUS) (CIK 0000911148),10-Q,2012-08-14,1
196,911148,CADUS CORP (KDUS) (CIK 0000911148),10-Q,2012-11-14,1
197,911148,CADUS CORP (KDUS) (CIK 0000911148),10-K,2013-03-29,1
198,911148,CADUS CORP (KDUS) (CIK 0000911148),10-Q,2013-05-13,1
199,911148,CADUS CORP (KDUS) (CIK 0000911148),10-Q,2013-08-14,1
200,911148,CADUS CORP (KDUS) (CIK 0000911148),10-Q,2013-11-05,1
201,911148,CADUS CORP (KDUS) (CIK 0000911148),10-K,2014-03-18,1
202,911148,CADUS CORP (KDUS) (CIK 0000911148),10-K,2015-03-31,1
203,911148,CADUS CORP (KDUS) (CIK 0000911148),10-K,2016-03-30,1
204,911148,CADUS CORP (KDUS) (CIK 0000911148),10-K,2017-03-31,1
205,911148,CADUS CORP (KDUS) (CIK 0000911148),10-K,2018-03-12,1
206,1013170,SILICON GAMING INC (CIK 0001013170),10-Q,2000-08-21,1
207,1013170,SILICON GAMING INC (CIK 0001013170),10-Q,2000-11-22,1
208,1003989,DAOU SYSTEMS INC (CIK 0001003989),10-Q,2000-08-14,1
209,1003989,DAOU SYSTEMS INC (CIK 0001003989),10-Q,2000-11-14,1
210,1003989,DAOU SYSTEMS INC (CIK 0001003989),10-Q,2001-05-15,1
211,1003989,DAOU SYSTEMS INC (CIK 0001003989),10-Q,2001-08-14,1
212,1003989,DAOU SYSTEMS INC (CIK 0001003989),10-Q,2001-11-14,1
213,913283,WESTFIELD AMERICA INC (CIK 0000913283),10-Q,2000-08-14,1
214,913283,WESTFIELD AMERICA INC (CIK 0000913283),10-Q,2000-11-14,1
215,913283,WESTFIELD AMERICA INC (CIK 0000913283),10-Q,2001-05-15,1
216,913283,WESTFIELD AMERICA INC (CIK 0000913283),10-Q,2001-08-14,1
217,913283,WESTFIELD AMERICA INC (CIK 0000913283),10-Q,2001-11-14,1
218,923687,SECURITY CAPITAL GROUP INC/ (CIK 0000923687),10-K,2001-03-19,1
219,923687,SECURITY CAPITAL GROUP INC/ (CIK 0000923687),10-K/A,2002-04-15,1
220,1095722,DUANE READE INTERNATIONAL INC (CIK 0001095722),10-K,2003-03-28,1
221,1095722,DUANE READE INTERNATIONAL INC (CIK 0001095722),10-K/A,2004-05-14,1
222,1095722,DUANE READE INTERNATIONAL INC (CIK 0001095722),10-K/A,2004-06-16,1
223,945734,INDEPENDENCE COMMUNITY BANK CORP (CIK 0000945734),10-Q,2003-11-12,1
224,945734,INDEPENDENCE COMMUNITY BANK CORP (CIK 0000945734),10-K,2004-03-10,1
225,945734,INDEPENDENCE COMMUNITY BANK CORP (CIK 0000945734),10-K,2005-03-11,1
226,945734,INDEPENDENCE COMMUNITY BANK CORP (CIK 0000945734),10-K,2005-03-11,1
227,1040573,COMCAST CABLE COMMUNICATIONS INC (CIK 0001040573),10-Q,2001-11-13,1
228,1040573,COMCAST CABLE COMMUNICATIONS INC (CIK 0001040573),10-Q,2002-05-15,1
229,1040573,COMCAST CABLE COMMUNICATIONS INC (CIK 0001040573),10-Q,2002-08-14,1
230,1040573,COMCAST CABLE COMMUNICATIONS INC (CIK 0001040573),10-Q,2002-11-13,1
231,1046788,HARRIS PREFERRED CAPITAL CORP (CIK 0001046788),10-K,2004-03-24,1
232,1046788,HARRIS PREFERRED CAPITAL CORP (CIK 0001046788),10-K/A,2004-04-05,1
233,1046788,HARRIS PREFERRED CAPITAL CORP (CIK 0001046788),10-K,2005-03-29,1
234,1046788,HARRIS PREFERRED CAPITAL CORP (CIK 0001046788),10-K,2006-03-29,1
235,1046788,HARRIS PREFERRED CAPITAL CORP (CIK 0001046788),10-K,2007-03-29,1
236,1046788,HARRIS PREFERRED CAPITAL CORP (CIK 0001046788),10-K,2008-03-31,1
237,1046788,HARRIS PREFERRED CAPITAL CORP (CIK 0001046788),10-K/A,2008-05-15,1
238,225569,AMRESCO INC (CIK 0000225569),10-K,2001-04-02,1
239,1055684,UNICAPITAL CORP (CIK 0001055684),10-Q,2000-08-14,1
240,1055684,UNICAPITAL CORP (CIK 0001055684),10-Q,2000-08-14,1
241,1055684,UNICAPITAL CORP (CIK 0001055684),10-Q,2000-11-28,1
242,1055684,UNICAPITAL CORP (CIK 0001055684),10-Q,2000-11-28,1
243,921742,CITADEL COMMUNICATIONS CORP (CIK 0000921742),10-Q,2001-05-15,1
244,1066806,CONOCO INC /DE (CIK 0001066806),10-K,2002-03-15,1
245,1066806,CONOCO INC /DE (CIK 0001066806),10-Q,2002-05-08,1
246,1066806,CONOCO INC /DE (CIK 0001066806),10-Q,2002-08-09,1
247,1068044,PENNZOIL QUAKER STATE CO (CIK 0001068044),10-Q,2001-05-14,1
248,1068044,PENNZOIL QUAKER STATE CO (CIK 0001068044),10-Q,2001-08-14,1
249,1068044,PENNZOIL QUAKER STATE CO (CIK 0001068044),10-Q,2001-11-07,1
250,1068044,PENNZOIL QUAKER STATE CO (CIK 0001068044),10-Q/A,2002-03-11,1
251,1068044,PENNZOIL QUAKER STATE CO (CIK 0001068044),10-Q/A,2002-03-11,1
252,1068044,PENNZOIL QUAKER STATE CO (CIK 0001068044),10-Q/A,2002-03-11,1
253,1068044,PENNZOIL QUAKER STATE CO (CIK 0001068044),10-Q,2002-05-13,1
254,1068044,PENNZOIL QUAKER STATE CO (CIK 0001068044),10-Q,2002-08-13,1
255,1068044,PENNZOIL QUAKER STATE CO (CIK 0001068044),10-Q,2002-11-13,1
256,1059127,ALADDIN GAMING HOLDING LLC (CIK 0001059127),10-Q,2001-11-14,1
257,1053916,COMMUNICATIONS INSTRUMENTS INC (CIK 0001053916),10-Q,2000-08-11,1
258,1053916,COMMUNICATIONS INSTRUMENTS INC (CIK 0001053916),10-Q,2000-11-09,1
259,1053916,COMMUNICATIONS INSTRUMENTS INC (CIK 0001053916),10-K,2001-03-30,1
260,1053916,COMMUNICATIONS INSTRUMENTS INC (CIK 0001053916),10-Q,2001-05-15,1
261,1053916,COMMUNICATIONS INSTRUMENTS INC (CIK 0001053916),10-Q,2001-08-14,1
262,1053916,COMMUNICATIONS INSTRUMENTS INC (CIK 0001053916),10-Q,2001-11-14,1
263,1019508,GOLDEN STATE BANCORP INC (CIK 0001019508),10-K,2001-03-26,1
264,1065748,CAREERBUILDER INC (CIK 0001065748),10-Q,2000-08-14,1
265,1078073,MP3 COM INC (CIK 0001078073),10-Q,2000-07-27,1
266,1078073,MP3 COM INC (CIK 0001078073),10-Q,2000-10-20,1
267,1078073,MP3 COM INC (CIK 0001078073),10-Q,2001-04-27,1
268,1078073,MP3 COM INC (CIK 0001078073),10-Q,2001-08-02,1
269,1058430,BIGSTAR ENTERTAINMENT INC /NY (CIK 0001058430),10-K,2002-04-16,1
270,1085098,DIGEX INC/DE (CIK 0001085098),10-K,2001-04-02,1
271,1085098,DIGEX INC/DE (CIK 0001085098),10-K/A,2001-12-07,1
272,1085098,DIGEX INC/DE (CIK 0001085098),10-K,2002-04-01,1
273,1085098,DIGEX INC/DE (CIK 0001085098),10-K,2003-03-31,1
274,1081207,JORE CORP (CIK 0001081207),10-K,2001-04-17,1
275,1081207,JORE CORP (CIK 0001081207),10-Q,2001-05-22,1
276,1090071,FOUNDRY NETWORKS INC (CIK 0001090071),10-K,2004-03-15,1
277,1090071,FOUNDRY NETWORKS INC (CIK 0001090071),10-Q,2004-05-11,1
278,1090071,FOUNDRY NETWORKS INC (CIK 0001090071),10-K,2005-03-11,1
279,1090071,FOUNDRY NETWORKS INC (CIK 0001090071),10-K,2006-03-15,1
280,1090071,FOUNDRY NETWORKS INC (CIK 0001090071),10-K,2007-06-14,1
281,1090071,FOUNDRY NETWORKS INC (CIK 0001090071),10-K,2008-02-26,1
282,1097892,LIGHTSPAN INC (CIK 0001097892),10-Q,2000-09-14,1
283,1097892,LIGHTSPAN INC (CIK 0001097892),10-K,2001-04-30,1
284,1097892,LIGHTSPAN INC (CIK 0001097892),10-Q,2001-06-15,1
285,1097892,LIGHTSPAN INC (CIK 0001097892),10-Q,2001-09-14,1
286,1097892,LIGHTSPAN INC (CIK 0001097892),10-Q,2001-12-17,1
287,1097892,LIGHTSPAN INC (CIK 0001097892),10-K,2002-04-30,1
288,1097892,LIGHTSPAN INC (CIK 0001097892),10-Q,2002-06-14,1
289,1097892,LIGHTSPAN INC (CIK 0001097892),10-Q,2002-09-13,1
290,1097892,LIGHTSPAN INC (CIK 0001097892),10-Q,2002-12-13,1
291,1097892,LIGHTSPAN INC (CIK 0001097892),10-K,2003-04-29,1
292,1097892,LIGHTSPAN INC (CIK 0001097892),10-Q,2003-06-13,1
293,1097892,LIGHTSPAN INC (CIK 0001097892),10-Q,2003-09-12,1
294,1097338,WITNESS SYSTEMS INC (CIK 0001097338),10-Q,2004-05-10,1
295,1097338,WITNESS SYSTEMS INC (CIK 0001097338),10-Q/A,2004-07-30,1
296,1097338,WITNESS SYSTEMS INC (CIK 0001097338),10-Q,2004-08-09,1
297,1097338,WITNESS SYSTEMS INC (CIK 0001097338),10-Q,2004-11-05,1
298,1097338,WITNESS SYSTEMS INC (CIK 0001097338),10-Q,2005-05-10,1
299,1097338,WITNESS SYSTEMS INC (CIK 0001097338),10-Q,2005-08-09,1
300,1097338,WITNESS SYSTEMS INC (CIK 0001097338),10-Q,2005-11-07,1
301,1097338,WITNESS SYSTEMS INC (CIK 0001097338),10-Q,2006-05-09,1
302,1097338,WITNESS SYSTEMS INC (CIK 0001097338),10-Q,2007-02-08,1
303,1097338,WITNESS SYSTEMS INC (CIK 0001097338),10-Q,2007-02-08,1
304,1097338,WITNESS SYSTEMS INC (CIK 0001097338),10-Q/A,2007-02-08,1
305,1097338,WITNESS SYSTEMS INC (CIK 0001097338),10-Q,2007-05-08,1
306,1102056,C CUBE MICROSYSTEMS INC/DE (CIK 0001102056),10-Q,2000-11-14,1
307,1102056,C CUBE MICROSYSTEMS INC/DE (CIK 0001102056),10-Q,2001-05-15,1
308,1097264,ALLOS THERAPEUTICS (CIK 0001097264),10-Q,2001-05-03,1
309,1097264,ALLOS THERAPEUTICS (CIK 0001097264),10-Q,2001-08-14,1
310,1097264,ALLOS THERAPEUTICS (CIK 0001097264),10-Q,2001-11-13,1
311,1113529,O2WIRELESS SOLUTIONS INC (CIK 0001113529),10-Q,2000-11-13,1
312,1111938,APW LTD (CIK 0001111938),10-K,2002-12-27,1
313,1017174,MAINSPRING INC (CIK 0001017174),10-Q,2000-11-14,1
314,1017174,MAINSPRING INC (CIK 0001017174),10-K,2001-03-30,1
315,1017174,MAINSPRING INC (CIK 0001017174),10-Q,2001-05-14,1
316,914201,3 DIMENSIONAL PHARMACEUTICALS INC (CIK 0000914201),10-K,2001-03-30,1
317,914201,3 DIMENSIONAL PHARMACEUTICALS INC (CIK 0000914201),10-Q,2001-11-14,1
318,914201,3 DIMENSIONAL PHARMACEUTICALS INC (CIK 0000914201),10-Q,2002-05-14,1
319,914201,3 DIMENSIONAL PHARMACEUTICALS INC (CIK 0000914201),10-Q,2002-08-13,1
320,914201,3 DIMENSIONAL PHARMACEUTICALS INC (CIK 0000914201),10-Q,2002-11-15,1
321,1088242,ELASTIC NETWORKS INC (CIK 0001088242),10-K,2001-03-29,1
322,1088242,ELASTIC NETWORKS INC (CIK 0001088242),10-Q,2001-05-15,1
323,1088242,ELASTIC NETWORKS INC (CIK 0001088242),10-Q,2001-08-09,1
324,1088242,ELASTIC NETWORKS INC (CIK 0001088242),10-Q,2001-11-14,1
325,1088724,INFORMAX INC (CIK 0001088724),10-Q,2000-11-16,1
326,1088724,INFORMAX INC (CIK 0001088724),10-Q,2001-05-15,1
327,1088724,INFORMAX INC (CIK 0001088724),10-Q,2001-08-10,1
328,1088724,INFORMAX INC (CIK 0001088724),10-Q,2001-11-14,1
329,1088724,INFORMAX INC (CIK 0001088724),10-K,2002-04-01,1
330,1088724,INFORMAX INC (CIK 0001088724),10-Q,2002-05-15,1
331,1088724,INFORMAX INC (CIK 0001088724),10-Q,2002-08-14,1
332,1088724,INFORMAX INC (CIK 0001088724),10-Q,2002-11-14,1
333,1135017,KINDER MORGAN MANAGEMENT LLC (CIK 0001135017),10-K/A,2002-06-12,1
334,1135017,KINDER MORGAN MANAGEMENT LLC (CIK 0001135017),10-K,2003-02-26,1
335,1135017,KINDER MORGAN MANAGEMENT LLC (CIK 0001135017),10-K,2004-03-05,1
336,1135017,KINDER MORGAN MANAGEMENT LLC (CIK 0001135017),10-K,2005-03-04,1
337,1135017,KINDER MORGAN MANAGEMENT LLC (CIK 0001135017),10-K,2006-03-15,1
338,1135017,KINDER MORGAN MANAGEMENT LLC (CIK 0001135017),10-K,2007-03-01,1
339,1135017,KINDER MORGAN MANAGEMENT LLC (CIK 0001135017),10-K,2008-02-29,1
340,1135017,KINDER MORGAN MANAGEMENT LLC (CIK 0001135017),10-K,2008-02-29,1
341,1135017,KINDER MORGAN MANAGEMENT LLC (CIK 0001135017),10-K,2009-03-02,1
342,1135017,KINDER MORGAN MANAGEMENT LLC (CIK 0001135017),10-K,2009-03-02,1
343,1135017,KINDER MORGAN MANAGEMENT LLC (CIK 0001135017),10-K,2010-02-26,1
344,1135017,KINDER MORGAN MANAGEMENT LLC (CIK 0001135017),10-K,2010-02-26,1
345,1135017,KINDER MORGAN MANAGEMENT LLC (CIK 0001135017),10-K,2011-02-24,1
346,1135017,KINDER MORGAN MANAGEMENT LLC (CIK 0001135017),10-K,2011-02-24,1
347,1135017,KINDER MORGAN MANAGEMENT LLC (CIK 0001135017),10-K,2011-02-24,1
348,1135017,KINDER MORGAN MANAGEMENT LLC (CIK 0001135017),10-K,2011-02-24,1
349,1135017,KINDER MORGAN MANAGEMENT LLC (CIK 0001135017),10-K,2012-02-22,1
350,1135017,KINDER MORGAN MANAGEMENT LLC (CIK 0001135017),10-K,2012-02-22,1
351,1135017,KINDER MORGAN MANAGEMENT LLC (CIK 0001135017),10-K,2013-02-21,1
352,1135017,KINDER MORGAN MANAGEMENT LLC (CIK 0001135017),10-K,2013-02-21,1
353,1135017,KINDER MORGAN MANAGEMENT LLC (CIK 0001135017),10-K,2014-02-20,1
354,1135017,KINDER MORGAN MANAGEMENT LLC (CIK 0001135017),10-K,2014-02-20,1
355,1135017,KINDER MORGAN MANAGEMENT LLC (CIK 0001135017),10-Q,2014-07-29,1
356,1135017,KINDER MORGAN MANAGEMENT LLC (CIK 0001135017),10-Q,2014-07-29,1
357,1135017,KINDER MORGAN MANAGEMENT LLC (CIK 0001135017),10-Q,2014-10-28,1
358,1135017,KINDER MORGAN MANAGEMENT LLC (CIK 0001135017),10-Q,2014-10-28,1
359,1173911,ENBRIDGE ENERGY MANAGEMENT L L C (CIK 0001173911),10-K,2006-02-23,1
360,1173911,ENBRIDGE ENERGY MANAGEMENT L L C (CIK 0001173911),10-K,2007-02-22,1
361,1173911,ENBRIDGE ENERGY MANAGEMENT L L C (CIK 0001173911),10-K,2008-02-21,1
362,1173911,ENBRIDGE ENERGY MANAGEMENT L L C (CIK 0001173911),10-K,2009-02-19,1
363,1173911,ENBRIDGE ENERGY MANAGEMENT L L C (CIK 0001173911),10-Q,2009-05-05,1
364,1173911,ENBRIDGE ENERGY MANAGEMENT L L C (CIK 0001173911),10-K,2018-02-16,1
365,1122425,CABG MEDICAL INC (CIK 0001122425),10-K,2005-03-25,1
366,1122425,CABG MEDICAL INC (CIK 0001122425),10-Q,2005-05-09,1
367,1122425,CABG MEDICAL INC (CIK 0001122425),10-Q,2005-08-12,1
368,1122425,CABG MEDICAL INC (CIK 0001122425),10-Q,2005-11-15,1
369,1122425,CABG MEDICAL INC (CIK 0001122425),10-K,2006-02-27,1
370,1019504,FRONTIERVISION OPERATING PARTNERS LP (CIK 0001019504),10-Q,2000-08-14,1
371,1019504,FRONTIERVISION OPERATING PARTNERS LP (CIK 0001019504),10-Q,2000-11-14,1
372,1019504,FRONTIERVISION OPERATING PARTNERS LP (CIK 0001019504),10-K,2001-04-02,1
373,1059888,HOLT GROUP INC (CIK 0001059888),10-Q,2000-09-08,1
374,1059888,HOLT GROUP INC (CIK 0001059888),10-Q,2000-09-08,1
375,1059888,HOLT GROUP INC (CIK 0001059888),10-Q,2000-11-14,1
376,1364727,"Network Communications, Inc. (CIK 0001364727)",10-Q,2006-10-20,1
377,1364727,"Network Communications, Inc. (CIK 0001364727)",10-Q,2007-01-17,1
378,1364727,"Network Communications, Inc. (CIK 0001364727)",10-K,2007-06-08,1
379,1364727,"Network Communications, Inc. (CIK 0001364727)",10-K,2008-06-19,1
380,1364727,"Network Communications, Inc. (CIK 0001364727)",10-K,2009-06-19,1
381,1425355,"Mill City Ventures III, Ltd (CIK 0001425355)",10-Q,2013-05-15,1
382,1425355,"Mill City Ventures III, Ltd (CIK 0001425355)",10-Q,2013-08-14,1
383,1425355,"Mill City Ventures III, Ltd (CIK 0001425355)",10-Q,2013-11-13,1
384,1356711,CPG INTERNATIONAL INC. (CIK 0001356711),10-Q,2006-08-14,1
385,1356711,CPG INTERNATIONAL INC. (CIK 0001356711),10-Q/A,2006-09-20,1
386,1356711,CPG INTERNATIONAL INC. (CIK 0001356711),10-Q,2006-11-15,1
387,1356711,CPG INTERNATIONAL INC. (CIK 0001356711),10-K,2007-03-29,1
388,1356711,CPG INTERNATIONAL INC. (CIK 0001356711),10-K,2007-03-29,1
389,1356711,CPG INTERNATIONAL INC. (CIK 0001356711),10-Q,2007-05-16,1
390,1356711,CPG INTERNATIONAL INC. (CIK 0001356711),10-Q,2007-08-14,1
391,1356711,CPG INTERNATIONAL INC. (CIK 0001356711),10-Q,2007-08-14,1
392,1356711,CPG INTERNATIONAL INC. (CIK 0001356711),10-Q,2007-11-14,1
393,1356711,CPG INTERNATIONAL INC. (CIK 0001356711),10-Q,2007-11-14,1
394,1356711,CPG INTERNATIONAL INC. (CIK 0001356711),10-K,2008-03-31,1
395,1356711,CPG INTERNATIONAL INC. (CIK 0001356711),10-K,2008-03-31,1
396,1356711,CPG INTERNATIONAL INC. (CIK 0001356711),10-Q,2008-05-15,1
397,1356711,CPG INTERNATIONAL INC. (CIK 0001356711),10-Q,2008-05-15,1
398,1356711,CPG INTERNATIONAL INC. (CIK 0001356711),10-Q,2008-08-14,1
399,1356711,CPG INTERNATIONAL INC. (CIK 0001356711),10-Q,2008-08-14,1
400,1356711,CPG INTERNATIONAL INC. (CIK 0001356711),10-Q,2008-11-14,1
401,1356711,CPG INTERNATIONAL INC. (CIK 0001356711),10-K,2009-03-31,1
402,1356711,CPG INTERNATIONAL INC. (CIK 0001356711),10-Q,2009-05-15,1
403,1356711,CPG INTERNATIONAL INC. (CIK 0001356711),10-Q,2009-05-15,1
404,1356711,CPG INTERNATIONAL INC. (CIK 0001356711),10-Q,2009-08-14,1
405,1356711,CPG INTERNATIONAL INC. (CIK 0001356711),10-Q,2009-08-14,1
406,1356711,CPG INTERNATIONAL INC. (CIK 0001356711),10-Q,2009-11-13,1
407,1356711,CPG INTERNATIONAL INC. (CIK 0001356711),10-Q,2009-11-13,1
408,1356711,CPG INTERNATIONAL INC. (CIK 0001356711),10-K,2010-03-25,1
409,1356711,CPG INTERNATIONAL INC. (CIK 0001356711),10-K,2010-03-25,1
410,1356711,CPG INTERNATIONAL INC. (CIK 0001356711),10-Q,2010-05-17,1
411,1356711,CPG INTERNATIONAL INC. (CIK 0001356711),10-Q,2010-05-17,1
412,1356711,CPG INTERNATIONAL INC. (CIK 0001356711),10-Q,2010-08-16,1
413,1356711,CPG INTERNATIONAL INC. (CIK 0001356711),10-Q,2010-08-16,1
414,1356711,CPG INTERNATIONAL INC. (CIK 0001356711),10-Q,2010-11-12,1
415,1081008,COMPASS AEROSPACE CORP (CIK 0001081008),10-Q,2000-08-14,1
416,1081008,COMPASS AEROSPACE CORP (CIK 0001081008),10-Q,2000-11-14,1
417,1081008,COMPASS AEROSPACE CORP (CIK 0001081008),10-Q,2001-05-15,1
418,1081008,COMPASS AEROSPACE CORP (CIK 0001081008),10-Q,2001-08-14,1
419,1081008,COMPASS AEROSPACE CORP (CIK 0001081008),10-Q,2001-11-14,1
420,1011991,SUSA PARTNERSHIP LP (CIK 0001011991),10-K,2001-03-30,1
421,75679,GCI INC (CIK 0000075679),10-Q,2002-11-13,1
422,75679,GCI INC (CIK 0000075679),10-K,2003-03-27,1
